-- ============================================================
-- PAIS (20 registros)
-- ============================================================
INSERT INTO PAIS (NOMBRE_PAIS) VALUES ('Argentina');
INSERT INTO PAIS (NOMBRE_PAIS) VALUES ('Brasil');
INSERT INTO PAIS (NOMBRE_PAIS) VALUES ('Colombia');
INSERT INTO PAIS (NOMBRE_PAIS) VALUES ('Chile');
INSERT INTO PAIS (NOMBRE_PAIS) VALUES ('Uruguay');
INSERT INTO PAIS (NOMBRE_PAIS) VALUES ('Paraguay');
INSERT INTO PAIS (NOMBRE_PAIS) VALUES ('Peru');
INSERT INTO PAIS (NOMBRE_PAIS) VALUES ('Bolivia');
INSERT INTO PAIS (NOMBRE_PAIS) VALUES ('Ecuador');
INSERT INTO PAIS (NOMBRE_PAIS) VALUES ('Venezuela');
INSERT INTO PAIS (NOMBRE_PAIS) VALUES ('Mexico');
INSERT INTO PAIS (NOMBRE_PAIS) VALUES ('Costa Rica');
INSERT INTO PAIS (NOMBRE_PAIS) VALUES ('Panama');
INSERT INTO PAIS (NOMBRE_PAIS) VALUES ('Honduras');
INSERT INTO PAIS (NOMBRE_PAIS) VALUES ('Alemania');
INSERT INTO PAIS (NOMBRE_PAIS) VALUES ('Espana');
INSERT INTO PAIS (NOMBRE_PAIS) VALUES ('Francia');
INSERT INTO PAIS (NOMBRE_PAIS) VALUES ('Inglaterra');
INSERT INTO PAIS (NOMBRE_PAIS) VALUES ('Italia');
INSERT INTO PAIS (NOMBRE_PAIS) VALUES ('Portugal');

-- ============================================================
-- CIUDAD (20 registros)
-- IDs de PAIS: Argentina=1, Brasil=2, Colombia=3, Chile=4,
--              Uruguay=5, Mexico=11, Alemania=15, Espana=16,
--              Francia=17, Italia=19
-- ============================================================
INSERT INTO CIUDAD (NOMBRE_CIUDAD, ID_PAIS) VALUES ('Buenos Aires', 1);
INSERT INTO CIUDAD (NOMBRE_CIUDAD, ID_PAIS) VALUES ('Cordoba', 1);
INSERT INTO CIUDAD (NOMBRE_CIUDAD, ID_PAIS) VALUES ('Sao Paulo', 2);
INSERT INTO CIUDAD (NOMBRE_CIUDAD, ID_PAIS) VALUES ('Rio de Janeiro', 2);
INSERT INTO CIUDAD (NOMBRE_CIUDAD, ID_PAIS) VALUES ('Bogota', 3);
INSERT INTO CIUDAD (NOMBRE_CIUDAD, ID_PAIS) VALUES ('Medellin', 3);
INSERT INTO CIUDAD (NOMBRE_CIUDAD, ID_PAIS) VALUES ('Santiago', 4);
INSERT INTO CIUDAD (NOMBRE_CIUDAD, ID_PAIS) VALUES ('Montevideo', 5);
INSERT INTO CIUDAD (NOMBRE_CIUDAD, ID_PAIS) VALUES ('Ciudad de Mexico', 11);
INSERT INTO CIUDAD (NOMBRE_CIUDAD, ID_PAIS) VALUES ('Guadalajara', 11);
INSERT INTO CIUDAD (NOMBRE_CIUDAD, ID_PAIS) VALUES ('Berlin', 15);
INSERT INTO CIUDAD (NOMBRE_CIUDAD, ID_PAIS) VALUES ('Munich', 15);
INSERT INTO CIUDAD (NOMBRE_CIUDAD, ID_PAIS) VALUES ('Madrid', 16);
INSERT INTO CIUDAD (NOMBRE_CIUDAD, ID_PAIS) VALUES ('Barcelona', 16);
INSERT INTO CIUDAD (NOMBRE_CIUDAD, ID_PAIS) VALUES ('Paris', 17);
INSERT INTO CIUDAD (NOMBRE_CIUDAD, ID_PAIS) VALUES ('Lyon', 17);
INSERT INTO CIUDAD (NOMBRE_CIUDAD, ID_PAIS) VALUES ('Londres', 18);
INSERT INTO CIUDAD (NOMBRE_CIUDAD, ID_PAIS) VALUES ('Manchester', 18);
INSERT INTO CIUDAD (NOMBRE_CIUDAD, ID_PAIS) VALUES ('Roma', 19);
INSERT INTO CIUDAD (NOMBRE_CIUDAD, ID_PAIS) VALUES ('Milan', 19);

-- ============================================================
-- CONFEDERACION (20 registros)
-- ============================================================
INSERT INTO CONFEDERACION (NOMBRE_CONFEDERACION) VALUES ('CONMEBOL');
INSERT INTO CONFEDERACION (NOMBRE_CONFEDERACION) VALUES ('UEFA');
INSERT INTO CONFEDERACION (NOMBRE_CONFEDERACION) VALUES ('CONCACAF');
INSERT INTO CONFEDERACION (NOMBRE_CONFEDERACION) VALUES ('CAF');
INSERT INTO CONFEDERACION (NOMBRE_CONFEDERACION) VALUES ('AFC');
INSERT INTO CONFEDERACION (NOMBRE_CONFEDERACION) VALUES ('OFC');
INSERT INTO CONFEDERACION (NOMBRE_CONFEDERACION) VALUES ('CONMEBOL Sub-20');
INSERT INTO CONFEDERACION (NOMBRE_CONFEDERACION) VALUES ('UEFA Sub-21');
INSERT INTO CONFEDERACION (NOMBRE_CONFEDERACION) VALUES ('CONCACAF Sub-20');
INSERT INTO CONFEDERACION (NOMBRE_CONFEDERACION) VALUES ('CAF Sub-23');
INSERT INTO CONFEDERACION (NOMBRE_CONFEDERACION) VALUES ('AFC Sub-23');
INSERT INTO CONFEDERACION (NOMBRE_CONFEDERACION) VALUES ('CONMEBOL Femenino');
INSERT INTO CONFEDERACION (NOMBRE_CONFEDERACION) VALUES ('UEFA Femenino');
INSERT INTO CONFEDERACION (NOMBRE_CONFEDERACION) VALUES ('CAF Femenino');
INSERT INTO CONFEDERACION (NOMBRE_CONFEDERACION) VALUES ('CONCACAF Femenino');
INSERT INTO CONFEDERACION (NOMBRE_CONFEDERACION) VALUES ('AFC Femenino');
INSERT INTO CONFEDERACION (NOMBRE_CONFEDERACION) VALUES ('OFC Femenino');
INSERT INTO CONFEDERACION (NOMBRE_CONFEDERACION) VALUES ('FIFA');
INSERT INTO CONFEDERACION (NOMBRE_CONFEDERACION) VALUES ('IFFHS');
INSERT INTO CONFEDERACION (NOMBRE_CONFEDERACION) VALUES ('COSAFA');

-- ============================================================
-- ESTADIO (20 registros)
-- IDs de CIUDAD: Buenos Aires=1, Sao Paulo=3, Bogota=5,
--                Santiago=7, Montevideo=8, C.Mexico=9, Berlin=11,
--                Madrid=13, Paris=15, Londres=17, Roma=19, Milan=20,
--                Rio=4, Munich=12, Barcelona=14
-- ============================================================
INSERT INTO ESTADIO (NOMBRE_ESTADIO, CAPACIDAD, ID_CIUDAD) VALUES ('Estadio Monumental', 84567, 1);
INSERT INTO ESTADIO (NOMBRE_ESTADIO, CAPACIDAD, ID_CIUDAD) VALUES ('La Bombonera', 54000, 1);
INSERT INTO ESTADIO (NOMBRE_ESTADIO, CAPACIDAD, ID_CIUDAD) VALUES ('Arena Corinthians', 49205, 3);
INSERT INTO ESTADIO (NOMBRE_ESTADIO, CAPACIDAD, ID_CIUDAD) VALUES ('Maracana', 78838, 4);
INSERT INTO ESTADIO (NOMBRE_ESTADIO, CAPACIDAD, ID_CIUDAD) VALUES ('Estadio El Campin', 36343, 5);
INSERT INTO ESTADIO (NOMBRE_ESTADIO, CAPACIDAD, ID_CIUDAD) VALUES ('Estadio Nacional de Chile', 47000, 7);
INSERT INTO ESTADIO (NOMBRE_ESTADIO, CAPACIDAD, ID_CIUDAD) VALUES ('Estadio Centenario', 60235, 8);
INSERT INTO ESTADIO (NOMBRE_ESTADIO, CAPACIDAD, ID_CIUDAD) VALUES ('Estadio Azteca', 87523, 9);
INSERT INTO ESTADIO (NOMBRE_ESTADIO, CAPACIDAD, ID_CIUDAD) VALUES ('Olympiastadion Berlin', 74244, 11);
INSERT INTO ESTADIO (NOMBRE_ESTADIO, CAPACIDAD, ID_CIUDAD) VALUES ('Allianz Arena', 75024, 12);
INSERT INTO ESTADIO (NOMBRE_ESTADIO, CAPACIDAD, ID_CIUDAD) VALUES ('Santiago Bernabeu', 81044, 13);
INSERT INTO ESTADIO (NOMBRE_ESTADIO, CAPACIDAD, ID_CIUDAD) VALUES ('Camp Nou', 99354, 14);
INSERT INTO ESTADIO (NOMBRE_ESTADIO, CAPACIDAD, ID_CIUDAD) VALUES ('Stade de France', 81338, 15);
INSERT INTO ESTADIO (NOMBRE_ESTADIO, CAPACIDAD, ID_CIUDAD) VALUES ('Parc des Princes', 48712, 15);
INSERT INTO ESTADIO (NOMBRE_ESTADIO, CAPACIDAD, ID_CIUDAD) VALUES ('Wembley', 90000, 17);
INSERT INTO ESTADIO (NOMBRE_ESTADIO, CAPACIDAD, ID_CIUDAD) VALUES ('Old Trafford', 74310, 18);
INSERT INTO ESTADIO (NOMBRE_ESTADIO, CAPACIDAD, ID_CIUDAD) VALUES ('Stadio Olimpico', 70634, 19);
INSERT INTO ESTADIO (NOMBRE_ESTADIO, CAPACIDAD, ID_CIUDAD) VALUES ('San Siro', 80018, 20);
INSERT INTO ESTADIO (NOMBRE_ESTADIO, CAPACIDAD, ID_CIUDAD) VALUES ('Estadio Mario Alberto Kempes', 57000, 2);
INSERT INTO ESTADIO (NOMBRE_ESTADIO, CAPACIDAD, ID_CIUDAD) VALUES ('Estadio Jalisco', 55000, 10);

-- ============================================================
-- SELECCION (20 registros)
-- IDs de CONFEDERACION: CONMEBOL=1, UEFA=2, CONCACAF=3
-- ============================================================
INSERT INTO SELECCION (NOMBRE_SELECCION, ID_CONFEDERACION) VALUES ('Argentina', 1);
INSERT INTO SELECCION (NOMBRE_SELECCION, ID_CONFEDERACION) VALUES ('Brasil', 1);
INSERT INTO SELECCION (NOMBRE_SELECCION, ID_CONFEDERACION) VALUES ('Colombia', 1);
INSERT INTO SELECCION (NOMBRE_SELECCION, ID_CONFEDERACION) VALUES ('Chile', 1);
INSERT INTO SELECCION (NOMBRE_SELECCION, ID_CONFEDERACION) VALUES ('Uruguay', 1);
INSERT INTO SELECCION (NOMBRE_SELECCION, ID_CONFEDERACION) VALUES ('Paraguay', 1);
INSERT INTO SELECCION (NOMBRE_SELECCION, ID_CONFEDERACION) VALUES ('Peru', 1);
INSERT INTO SELECCION (NOMBRE_SELECCION, ID_CONFEDERACION) VALUES ('Ecuador', 1);
INSERT INTO SELECCION (NOMBRE_SELECCION, ID_CONFEDERACION) VALUES ('Alemania', 2);
INSERT INTO SELECCION (NOMBRE_SELECCION, ID_CONFEDERACION) VALUES ('Espana', 2);
INSERT INTO SELECCION (NOMBRE_SELECCION, ID_CONFEDERACION) VALUES ('Francia', 2);
INSERT INTO SELECCION (NOMBRE_SELECCION, ID_CONFEDERACION) VALUES ('Inglaterra', 2);
INSERT INTO SELECCION (NOMBRE_SELECCION, ID_CONFEDERACION) VALUES ('Italia', 2);
INSERT INTO SELECCION (NOMBRE_SELECCION, ID_CONFEDERACION) VALUES ('Portugal', 2);
INSERT INTO SELECCION (NOMBRE_SELECCION, ID_CONFEDERACION) VALUES ('Mexico', 3);
INSERT INTO SELECCION (NOMBRE_SELECCION, ID_CONFEDERACION) VALUES ('Costa Rica', 3);
INSERT INTO SELECCION (NOMBRE_SELECCION, ID_CONFEDERACION) VALUES ('Panama', 3);
INSERT INTO SELECCION (NOMBRE_SELECCION, ID_CONFEDERACION) VALUES ('Honduras', 3);
INSERT INTO SELECCION (NOMBRE_SELECCION, ID_CONFEDERACION) VALUES ('Bolivia', 1);
INSERT INTO SELECCION (NOMBRE_SELECCION, ID_CONFEDERACION) VALUES ('Venezuela', 1);

-- ============================================================
-- PARTIDO (20 registros)
-- FASE valores posibles: 'GRUPO', 'OCTVOS', 'CUARTOS', 'SEMI', 'FINAL'
-- IDs ESTADIO: Monumental=1, Maracana=4, Centenario=7, etc.
-- IDs SELECCION: Argentina=1, Brasil=2, Colombia=3, etc.
-- ============================================================
INSERT INTO PARTIDO (ID_ESTADIO, FECHA, FASE, ID_SELECCION_LOCAL, ID_SELECCION_VISITANTE, GOLES_LOCAL, GOLES_VISITANTE)
VALUES (1,  TO_DATE('2024-06-20','YYYY-MM-DD'), 'GRUPO',  1,  2,  1, 0);

INSERT INTO PARTIDO (ID_ESTADIO, FECHA, FASE, ID_SELECCION_LOCAL, ID_SELECCION_VISITANTE, GOLES_LOCAL, GOLES_VISITANTE)
VALUES (4,  TO_DATE('2024-06-21','YYYY-MM-DD'), 'GRUPO',  2,  3,  3, 1);

INSERT INTO PARTIDO (ID_ESTADIO, FECHA, FASE, ID_SELECCION_LOCAL, ID_SELECCION_VISITANTE, GOLES_LOCAL, GOLES_VISITANTE)
VALUES (7,  TO_DATE('2024-06-22','YYYY-MM-DD'), 'GRUPO',  5,  4,  0, 0);

INSERT INTO PARTIDO (ID_ESTADIO, FECHA, FASE, ID_SELECCION_LOCAL, ID_SELECCION_VISITANTE, GOLES_LOCAL, GOLES_VISITANTE)
VALUES (8,  TO_DATE('2024-06-23','YYYY-MM-DD'), 'GRUPO',  15, 16, 2, 2);

INSERT INTO PARTIDO (ID_ESTADIO, FECHA, FASE, ID_SELECCION_LOCAL, ID_SELECCION_VISITANTE, GOLES_LOCAL, GOLES_VISITANTE)
VALUES (11, TO_DATE('2024-06-24','YYYY-MM-DD'), 'GRUPO',  9,  11, 0, 2);

INSERT INTO PARTIDO (ID_ESTADIO, FECHA, FASE, ID_SELECCION_LOCAL, ID_SELECCION_VISITANTE, GOLES_LOCAL, GOLES_VISITANTE)
VALUES (13, TO_DATE('2024-06-25','YYYY-MM-DD'), 'GRUPO',  10, 14, 3, 0);

INSERT INTO PARTIDO (ID_ESTADIO, FECHA, FASE, ID_SELECCION_LOCAL, ID_SELECCION_VISITANTE, GOLES_LOCAL, GOLES_VISITANTE)
VALUES (15, TO_DATE('2024-06-26','YYYY-MM-DD'), 'GRUPO',  11, 12, 1, 1);

INSERT INTO PARTIDO (ID_ESTADIO, FECHA, FASE, ID_SELECCION_LOCAL, ID_SELECCION_VISITANTE, GOLES_LOCAL, GOLES_VISITANTE)
VALUES (17, TO_DATE('2024-06-27','YYYY-MM-DD'), 'GRUPO',  12, 13, 2, 1);

INSERT INTO PARTIDO (ID_ESTADIO, FECHA, FASE, ID_SELECCION_LOCAL, ID_SELECCION_VISITANTE, GOLES_LOCAL, GOLES_VISITANTE)
VALUES (5,  TO_DATE('2024-06-28','YYYY-MM-DD'), 'GRUPO',  3,  8,  4, 0);

INSERT INTO PARTIDO (ID_ESTADIO, FECHA, FASE, ID_SELECCION_LOCAL, ID_SELECCION_VISITANTE, GOLES_LOCAL, GOLES_VISITANTE)
VALUES (6,  TO_DATE('2024-06-29','YYYY-MM-DD'), 'GRUPO',  4,  7,  1, 2);

INSERT INTO PARTIDO (ID_ESTADIO, FECHA, FASE, ID_SELECCION_LOCAL, ID_SELECCION_VISITANTE, GOLES_LOCAL, GOLES_VISITANTE)
VALUES (1,  TO_DATE('2024-07-04','YYYY-MM-DD'), 'OCTVOS', 1,  3,  2, 0);

INSERT INTO PARTIDO (ID_ESTADIO, FECHA, FASE, ID_SELECCION_LOCAL, ID_SELECCION_VISITANTE, GOLES_LOCAL, GOLES_VISITANTE)
VALUES (4,  TO_DATE('2024-07-05','YYYY-MM-DD'), 'OCTVOS', 2,  5,  1, 1);

INSERT INTO PARTIDO (ID_ESTADIO, FECHA, FASE, ID_SELECCION_LOCAL, ID_SELECCION_VISITANTE, GOLES_LOCAL, GOLES_VISITANTE)
VALUES (11, TO_DATE('2024-07-06','YYYY-MM-DD'), 'OCTVOS', 9,  10, 0, 1);

INSERT INTO PARTIDO (ID_ESTADIO, FECHA, FASE, ID_SELECCION_LOCAL, ID_SELECCION_VISITANTE, GOLES_LOCAL, GOLES_VISITANTE)
VALUES (15, TO_DATE('2024-07-07','YYYY-MM-DD'), 'OCTVOS', 11, 12, 3, 1);

INSERT INTO PARTIDO (ID_ESTADIO, FECHA, FASE, ID_SELECCION_LOCAL, ID_SELECCION_VISITANTE, GOLES_LOCAL, GOLES_VISITANTE)
VALUES (1,  TO_DATE('2024-07-12','YYYY-MM-DD'), 'CUARTOS', 1, 2,  0, 0);

INSERT INTO PARTIDO (ID_ESTADIO, FECHA, FASE, ID_SELECCION_LOCAL, ID_SELECCION_VISITANTE, GOLES_LOCAL, GOLES_VISITANTE)
VALUES (13, TO_DATE('2024-07-13','YYYY-MM-DD'), 'CUARTOS', 10, 11, 2, 1);

INSERT INTO PARTIDO (ID_ESTADIO, FECHA, FASE, ID_SELECCION_LOCAL, ID_SELECCION_VISITANTE, GOLES_LOCAL, GOLES_VISITANTE)
VALUES (7,  TO_DATE('2024-07-18','YYYY-MM-DD'), 'SEMI',   1,  10, 3, 0);

INSERT INTO PARTIDO (ID_ESTADIO, FECHA, FASE, ID_SELECCION_LOCAL, ID_SELECCION_VISITANTE, GOLES_LOCAL, GOLES_VISITANTE)
VALUES (17, TO_DATE('2024-07-19','YYYY-MM-DD'), 'SEMI',   2,  11, 2, 2);

INSERT INTO PARTIDO (ID_ESTADIO, FECHA, FASE, ID_SELECCION_LOCAL, ID_SELECCION_VISITANTE, GOLES_LOCAL, GOLES_VISITANTE)
VALUES (17, TO_DATE('2024-07-22','YYYY-MM-DD'), 'SEMI',   10, 11, 1, 3);

INSERT INTO PARTIDO (ID_ESTADIO, FECHA, FASE, ID_SELECCION_LOCAL, ID_SELECCION_VISITANTE, GOLES_LOCAL, GOLES_VISITANTE)
VALUES (1,  TO_DATE('2024-07-26','YYYY-MM-DD'), 'FINAL',  1,  11, 2, 1);