-- =====================
-- PAIS
-- =====================
INSERT INTO PAIS (ID, NOMBRE_PAIS) VALUES (1, 'Brasil');
INSERT INTO PAIS (ID, NOMBRE_PAIS) VALUES (2, 'Argentina');
INSERT INTO PAIS (ID, NOMBRE_PAIS) VALUES (3, 'Alemania');
INSERT INTO PAIS (ID, NOMBRE_PAIS) VALUES (4, 'Francia');
INSERT INTO PAIS (ID, NOMBRE_PAIS) VALUES (5, 'España');
INSERT INTO PAIS (ID, NOMBRE_PAIS) VALUES (6, 'Inglaterra');
INSERT INTO PAIS (ID, NOMBRE_PAIS) VALUES (7, 'Italia');
INSERT INTO PAIS (ID, NOMBRE_PAIS) VALUES (8, 'Portugal');
INSERT INTO PAIS (ID, NOMBRE_PAIS) VALUES (9, 'Uruguay');
INSERT INTO PAIS (ID, NOMBRE_PAIS) VALUES (10, 'Colombia');

-- =====================
-- CONFEDERACION
-- =====================
INSERT INTO CONFEDERACION (ID, NOMBRE_CONFEDERACION) VALUES (1, 'CONMEBOL');
INSERT INTO CONFEDERACION (ID, NOMBRE_CONFEDERACION) VALUES (2, 'UEFA');
INSERT INTO CONFEDERACION (ID, NOMBRE_CONFEDERACION) VALUES (3, 'CONCACAF');
INSERT INTO CONFEDERACION (ID, NOMBRE_CONFEDERACION) VALUES (4, 'CAF');
INSERT INTO CONFEDERACION (ID, NOMBRE_CONFEDERACION) VALUES (5, 'AFC');
INSERT INTO CONFEDERACION (ID, NOMBRE_CONFEDERACION) VALUES (6, 'OFC');
INSERT INTO CONFEDERACION (ID, NOMBRE_CONFEDERACION) VALUES (7, 'CONMEBOL');  -- ⚠️ duplicado, cambia el nombre
INSERT INTO CONFEDERACION (ID, NOMBRE_CONFEDERACION) VALUES (7, 'CONMEBOL Sur');
INSERT INTO CONFEDERACION (ID, NOMBRE_CONFEDERACION) VALUES (8, 'UEFA Este');
INSERT INTO CONFEDERACION (ID, NOMBRE_CONFEDERACION) VALUES (9, 'UEFA Oeste');
INSERT INTO CONFEDERACION (ID, NOMBRE_CONFEDERACION) VALUES (10, 'AFC Central');

-- =====================
-- CIUDAD (ID_PAIS referencia PAIS.ID)
-- =====================
INSERT INTO CIUDAD (ID, NOMBRE_CIUDAD, ID_PAIS) VALUES (1,  'Río de Janeiro',  1);  -- Brasil
INSERT INTO CIUDAD (ID, NOMBRE_CIUDAD, ID_PAIS) VALUES (2,  'Buenos Aires',    2);  -- Argentina
INSERT INTO CIUDAD (ID, NOMBRE_CIUDAD, ID_PAIS) VALUES (3,  'Berlín',          3);  -- Alemania
INSERT INTO CIUDAD (ID, NOMBRE_CIUDAD, ID_PAIS) VALUES (4,  'París',           4);  -- Francia
INSERT INTO CIUDAD (ID, NOMBRE_CIUDAD, ID_PAIS) VALUES (5,  'Madrid',          5);  -- España
INSERT INTO CIUDAD (ID, NOMBRE_CIUDAD, ID_PAIS) VALUES (6,  'Londres',         6);  -- Inglaterra
INSERT INTO CIUDAD (ID, NOMBRE_CIUDAD, ID_PAIS) VALUES (7,  'Roma',            7);  -- Italia
INSERT INTO CIUDAD (ID, NOMBRE_CIUDAD, ID_PAIS) VALUES (8,  'Lisboa',          8);  -- Portugal
INSERT INTO CIUDAD (ID, NOMBRE_CIUDAD, ID_PAIS) VALUES (9,  'Montevideo',      9);  -- Uruguay
INSERT INTO CIUDAD (ID, NOMBRE_CIUDAD, ID_PAIS) VALUES (10, 'Bogotá',          10); -- Colombia

-- =====================
-- ESTADIO (ID_CIUDAD referencia CIUDAD.ID)
-- =====================
INSERT INTO ESTADIO (ID, NOMBRE_ESTADIO, CAPACIDAD, ID_CIUDAD) VALUES (1,  'Maracaná',               78838, 1);
INSERT INTO ESTADIO (ID, NOMBRE_ESTADIO, CAPACIDAD, ID_CIUDAD) VALUES (2,  'Monumental de Núñez',    84567, 2);
INSERT INTO ESTADIO (ID, NOMBRE_ESTADIO, CAPACIDAD, ID_CIUDAD) VALUES (3,  'Olympiastadion',         74244, 3);
INSERT INTO ESTADIO (ID, NOMBRE_ESTADIO, CAPACIDAD, ID_CIUDAD) VALUES (4,  'Stade de France',        81338, 4);
INSERT INTO ESTADIO (ID, NOMBRE_ESTADIO, CAPACIDAD, ID_CIUDAD) VALUES (5,  'Santiago Bernabéu',      81044, 5);
INSERT INTO ESTADIO (ID, NOMBRE_ESTADIO, CAPACIDAD, ID_CIUDAD) VALUES (6,  'Wembley',                90000, 6);
INSERT INTO ESTADIO (ID, NOMBRE_ESTADIO, CAPACIDAD, ID_CIUDAD) VALUES (7,  'Estadio Olímpico Roma',  72698, 7);
INSERT INTO ESTADIO (ID, NOMBRE_ESTADIO, CAPACIDAD, ID_CIUDAD) VALUES (8,  'Estádio da Luz',         64642, 8);
INSERT INTO ESTADIO (ID, NOMBRE_ESTADIO, CAPACIDAD, ID_CIUDAD) VALUES (9,  'Estadio Centenario',     60235, 9);
INSERT INTO ESTADIO (ID, NOMBRE_ESTADIO, CAPACIDAD, ID_CIUDAD) VALUES (10, 'El Campín',              36343, 10);

-- =====================
-- SELECCION (ID_CONFEDERACION referencia CONFEDERACION.ID)
-- =====================
INSERT INTO SELECCION (ID, NOMBRE_SELECCION, ID_CONFEDERACION) VALUES (1,  'Brasil',    1); -- CONMEBOL
INSERT INTO SELECCION (ID, NOMBRE_SELECCION, ID_CONFEDERACION) VALUES (2,  'Argentina', 1); -- CONMEBOL
INSERT INTO SELECCION (ID, NOMBRE_SELECCION, ID_CONFEDERACION) VALUES (3,  'Alemania',  2); -- UEFA
INSERT INTO SELECCION (ID, NOMBRE_SELECCION, ID_CONFEDERACION) VALUES (4,  'Francia',   2); -- UEFA
INSERT INTO SELECCION (ID, NOMBRE_SELECCION, ID_CONFEDERACION) VALUES (5,  'España',    2); -- UEFA
INSERT INTO SELECCION (ID, NOMBRE_SELECCION, ID_CONFEDERACION) VALUES (6,  'Inglaterra',2); -- UEFA
INSERT INTO SELECCION (ID, NOMBRE_SELECCION, ID_CONFEDERACION) VALUES (7,  'Italia',    2); -- UEFA
INSERT INTO SELECCION (ID, NOMBRE_SELECCION, ID_CONFEDERACION) VALUES (8,  'Portugal',  2); -- UEFA
INSERT INTO SELECCION (ID, NOMBRE_SELECCION, ID_CONFEDERACION) VALUES (9,  'Uruguay',   1); -- CONMEBOL
INSERT INTO SELECCION (ID, NOMBRE_SELECCION, ID_CONFEDERACION) VALUES (10, 'Colombia',  1); -- CONMEBOL

-- =====================
-- PARTIDO
-- (ID_ESTADIO → ESTADIO, ID_SELECCION_LOCAL / VISITANTE → SELECCION)
-- =====================
INSERT INTO PARTIDO (ID, ID_ESTADIO, FECHA, FASE, ID_SELECCION_LOCAL, ID_SELECCION_VISITANTE, GOLES_LOCAL, GOLES_VISITANTE)
VALUES (1,  1,  DATE '2026-06-15', 'GRUPOS',   1,  9,  3, 0); -- Brasil vs Uruguay
INSERT INTO PARTIDO (ID, ID_ESTADIO, FECHA, FASE, ID_SELECCION_LOCAL, ID_SELECCION_VISITANTE, GOLES_LOCAL, GOLES_VISITANTE)
VALUES (2,  2,  DATE '2026-06-16', 'GRUPOS',   2,  10, 1, 1); -- Argentina vs Colombia
INSERT INTO PARTIDO (ID, ID_ESTADIO, FECHA, FASE, ID_SELECCION_LOCAL, ID_SELECCION_VISITANTE, GOLES_LOCAL, GOLES_VISITANTE)
VALUES (3,  3,  DATE '2026-06-17', 'GRUPOS',   3,  4,  2, 2); -- Alemania vs Francia
INSERT INTO PARTIDO (ID, ID_ESTADIO, FECHA, FASE, ID_SELECCION_LOCAL, ID_SELECCION_VISITANTE, GOLES_LOCAL, GOLES_VISITANTE)
VALUES (4,  4,  DATE '2026-06-18', 'GRUPOS',   5,  7,  1, 0); -- España vs Italia
INSERT INTO PARTIDO (ID, ID_ESTADIO, FECHA, FASE, ID_SELECCION_LOCAL, ID_SELECCION_VISITANTE, GOLES_LOCAL, GOLES_VISITANTE)
VALUES (5,  5,  DATE '2026-06-19', 'GRUPOS',   6,  8,  2, 1); -- Inglaterra vs Portugal
INSERT INTO PARTIDO (ID, ID_ESTADIO, FECHA, FASE, ID_SELECCION_LOCAL, ID_SELECCION_VISITANTE, GOLES_LOCAL, GOLES_VISITANTE)
VALUES (6,  6,  DATE '2026-06-25', 'OCTAVOS',  1,  10, 4, 1); -- Brasil vs Colombia
INSERT INTO PARTIDO (ID, ID_ESTADIO, FECHA, FASE, ID_SELECCION_LOCAL, ID_SELECCION_VISITANTE, GOLES_LOCAL, GOLES_VISITANTE)
VALUES (7,  7,  DATE '2026-06-26', 'OCTAVOS',  2,  9,  2, 0); -- Argentina vs Uruguay
INSERT INTO PARTIDO (ID, ID_ESTADIO, FECHA, FASE, ID_SELECCION_LOCAL, ID_SELECCION_VISITANTE, GOLES_LOCAL, GOLES_VISITANTE)
VALUES (8,  8,  DATE '2026-06-27', 'CUARTOS',  3,  5,  1, 3); -- Alemania vs España
INSERT INTO PARTIDO (ID, ID_ESTADIO, FECHA, FASE, ID_SELECCION_LOCAL, ID_SELECCION_VISITANTE, GOLES_LOCAL, GOLES_VISITANTE)
VALUES (9,  9,  DATE '2026-07-05', 'SEMIFINAL', 2, 5,  1, 2); -- Argentina vs España
INSERT INTO PARTIDO (ID, ID_ESTADIO, FECHA, FASE, ID_SELECCION_LOCAL, ID_SELECCION_VISITANTE, GOLES_LOCAL, GOLES_VISITANTE)
VALUES (10, 10, DATE '2026-07-12', 'FINAL',    1,  5,  2, 1); -- Brasil vs España

COMMIT;